"replicate","n","corner_relief","edge","family","cor_true","delta_kl_total","node_holdout_score","gen_time","fit_time"
1,2000,0,"1->2","Clayton(3.0)",0.766973341651186,0,0.459421949876462,9.13600301742554,1.18949699401855
1,2000,0,"7->8","Gumbel(3.0)",0.836578129657584,0,0.538133048040149,9.13600301742554,1.18949699401855
1,2000,0.3,"1->2","Clayton(3.0)",0.781695931384404,0.061093318286169,0.463714434692351,9.13600301742554,1.1208701133728
1,2000,0.3,"7->8","Gumbel(3.0)",0.837954246292562,0.061093318286169,0.539255184296511,9.13600301742554,1.1208701133728
1,2000,0.6,"1->2","Clayton(3.0)",0.781103851759038,0.0348277002109056,0.464139694793172,9.13600301742554,1.11249685287476
1,2000,0.6,"7->8","Gumbel(3.0)",0.844178538652961,0.0348277002109056,0.542197607483025,9.13600301742554,1.11249685287476
1,2000,0.8,"1->2","Clayton(3.0)",0.782363897262049,0.169295497134413,0.463980111886272,9.13600301742554,1.11852097511292
1,2000,0.8,"7->8","Gumbel(3.0)",0.83656147949736,0.169295497134413,0.538288228784302,9.13600301742554,1.11852097511292
1,4000,0,"1->2","Clayton(3.0)",0.733345780651335,0,0.374604131363608,18.3829951286316,4.1577479839325
1,4000,0,"7->8","Gumbel(3.0)",0.840734705599205,0,0.584001687882351,18.3829951286316,4.1577479839325
1,4000,0.3,"1->2","Clayton(3.0)",0.782389886418703,0.0720058090612481,0.422338469396717,18.3829951286316,4.15977096557617
1,4000,0.3,"7->8","Gumbel(3.0)",0.830894028138273,0.0720058090612481,0.570460089391817,18.3829951286316,4.15977096557617
1,4000,0.6,"1->2","Clayton(3.0)",0.760776769906582,0.200099825798066,0.422869249688538,18.3829951286316,4.2455689907074
1,4000,0.6,"7->8","Gumbel(3.0)",0.835126041341373,0.200099825798066,0.577107740329243,18.3829951286316,4.2455689907074
1,4000,0.8,"1->2","Clayton(3.0)",0.780082541698206,0.0884673118206187,0.424949070889104,18.3829951286316,4.35908579826355
1,4000,0.8,"7->8","Gumbel(3.0)",0.83792565743867,0.0884673118206187,0.580874380673709,18.3829951286316,4.35908579826355
1,8000,0,"1->2","Clayton(3.0)",0.779440477994278,0,0.456023341680156,37.0658299922943,16.108206987381
1,8000,0,"7->8","Gumbel(3.0)",0.828867496394408,0,0.551933152042262,37.0658299922943,16.108206987381
1,8000,0.3,"1->2","Clayton(3.0)",0.77634116525608,0.123114812704987,0.457201943796805,37.0658299922943,16.0503358840942
1,8000,0.3,"7->8","Gumbel(3.0)",0.830951866000501,0.123114812704987,0.554870403173563,37.0658299922943,16.0503358840942
1,8000,0.6,"1->2","Clayton(3.0)",0.783662395423445,0.0885396570515526,0.453676478803308,37.0658299922943,15.9401669502258
1,8000,0.6,"7->8","Gumbel(3.0)",0.836277349056428,0.0885396570515526,0.561009771175966,37.0658299922943,15.9401669502258
1,8000,0.8,"1->2","Clayton(3.0)",0.784042209972042,0.0426107124429906,0.453604312265899,37.0658299922943,16.0874569416046
1,8000,0.8,"7->8","Gumbel(3.0)",0.833412626469324,0.0426107124429906,0.557985003132492,37.0658299922943,16.0874569416046
1,16000,0,"1->2","Clayton(3.0)",0.780033691811988,0,0.45642942112053,75.218817949295,68.1174371242523
1,16000,0,"7->8","Gumbel(3.0)",0.784903835825233,0,0.450767571190413,75.218817949295,68.1174371242523
1,16000,0.3,"1->2","Clayton(3.0)",0.773585119848334,0.108061669747926,0.456387836042197,75.218817949295,66.7188408374786
1,16000,0.3,"7->8","Gumbel(3.0)",0.836927300899249,0.108061669747926,0.577143296993991,75.218817949295,66.7188408374786
1,16000,0.6,"1->2","Clayton(3.0)",0.784328912992127,0.20779991508685,0.45497939925382,75.218817949295,65.254063129425
1,16000,0.6,"7->8","Gumbel(3.0)",0.8333957485106,0.20779991508685,0.573360888348902,75.218817949295,65.254063129425
1,16000,0.8,"1->2","Clayton(3.0)",0.782996938319789,0.0803617736448476,0.455986496978516,75.218817949295,63.0487670898438
1,16000,0.8,"7->8","Gumbel(3.0)",0.823314095701169,0.0803617736448476,0.55767041712828,75.218817949295,63.0487670898438
2,2000,0,"1->2","Clayton(3.0)",0.771911564797761,0,0.435825312268071,9.2446939945221,1.14556694030762
2,2000,0,"7->8","Gumbel(3.0)",0.835687952519502,0,0.62791503752677,9.2446939945221,1.14556694030762
2,2000,0.3,"1->2","Clayton(3.0)",0.780468522873011,0.0965532183565334,0.438276657786251,9.2446939945221,1.1367130279541
2,2000,0.3,"7->8","Gumbel(3.0)",0.801075480778502,0.0965532183565334,0.526726943553652,9.2446939945221,1.1367130279541
2,2000,0.6,"1->2","Clayton(3.0)",0.785875028313165,-0.110784225688248,0.436620045331583,9.2446939945221,1.14994716644287
2,2000,0.6,"7->8","Gumbel(3.0)",0.84113764561459,-0.110784225688248,0.638920674644165,9.2446939945221,1.14994716644287
2,2000,0.8,"1->2","Clayton(3.0)",0.772932913029403,0.0823432945559657,0.43682030131635,9.2446939945221,1.14258694648743
2,2000,0.8,"7->8","Gumbel(3.0)",0.841444253507112,0.0823432945559657,0.639500428910335,9.2446939945221,1.14258694648743
2,4000,0,"1->2","Clayton(3.0)",0.756820087848078,0,0.44322919883508,18.4643108844757,4.19916987419128
2,4000,0,"7->8","Gumbel(3.0)",0.816960882749515,0,0.519804189960259,18.4643108844757,4.19916987419128
2,4000,0.3,"1->2","Clayton(3.0)",0.786308311697857,-0.0259683956057426,0.465644675324357,18.4643108844757,4.2392201423645
2,4000,0.3,"7->8","Gumbel(3.0)",0.833944245990935,-0.0259683956057426,0.546498488208978,18.4643108844757,4.2392201423645
2,4000,0.6,"1->2","Clayton(3.0)",0.787407396082654,-0.0540160142519266,0.465386249841004,18.4643108844757,4.18791198730469
2,4000,0.6,"7->8","Gumbel(3.0)",0.839210055349246,-0.0540160142519266,0.550658145036068,18.4643108844757,4.18791198730469
2,4000,0.8,"1->2","Clayton(3.0)",0.764606641347746,-0.0886720386505386,0.454878169241974,18.4643108844757,4.18724608421326
2,4000,0.8,"7->8","Gumbel(3.0)",0.836014586837149,-0.0886720386505386,0.548452416925824,18.4643108844757,4.18724608421326
2,8000,0,"1->2","Clayton(3.0)",0.763872454664616,0,0.480287529086239,36.8042089939117,16.2036159038544
2,8000,0,"7->8","Gumbel(3.0)",0.83779141702748,0,0.56645719735409,36.8042089939117,16.2036159038544
2,8000,0.3,"1->2","Clayton(3.0)",0.775098278699202,0.107104736344241,0.488069652405544,36.8042089939117,15.9500069618225
2,8000,0.3,"7->8","Gumbel(3.0)",0.815752808526656,0.107104736344241,0.52396306173663,36.8042089939117,15.9500069618225
2,8000,0.6,"1->2","Clayton(3.0)",0.782582818695033,0.0328635086844171,0.488012404655212,36.8042089939117,16.0219299793243
2,8000,0.6,"7->8","Gumbel(3.0)",0.841607015206591,0.0328635086844171,0.570595207913094,36.8042089939117,16.0219299793243
2,8000,0.8,"1->2","Clayton(3.0)",0.774391572937206,0.0756290052707369,0.488196100158572,36.8042089939117,16.0763809680939
2,8000,0.8,"7->8","Gumbel(3.0)",0.834197771725436,0.0756290052707369,0.561562227919951,36.8042089939117,16.0763809680939
2,16000,0,"1->2","Clayton(3.0)",0.780095301311035,0,0.450319502013907,73.9550719261169,62.1413300037384
2,16000,0,"7->8","Gumbel(3.0)",0.813752375837698,0,0.543888499587257,73.9550719261169,62.1413300037384
2,16000,0.3,"1->2","Clayton(3.0)",0.779392756436775,0.0836536482103063,0.450931801972836,73.9550719261169,62.0759680271149
2,16000,0.3,"7->8","Gumbel(3.0)",0.832183152414173,0.0836536482103063,0.579916080680905,73.9550719261169,62.0759680271149
2,16000,0.6,"1->2","Clayton(3.0)",0.784414211212117,0.110176649338909,0.447354755984842,73.9550719261169,62.1994280815125
2,16000,0.6,"7->8","Gumbel(3.0)",0.834298747263311,0.110176649338909,0.582743078170081,73.9550719261169,62.1994280815125
2,16000,0.8,"1->2","Clayton(3.0)",0.749755219567274,0.0592082837083985,0.431513342364761,73.9550719261169,62.1518261432648
2,16000,0.8,"7->8","Gumbel(3.0)",0.831316424459818,0.0592082837083985,0.578644126762781,73.9550719261169,62.1518261432648
3,2000,0,"1->2","Clayton(3.0)",0.775545222426888,0,0.391518227725495,9.10915207862854,1.1549220085144
3,2000,0,"7->8","Gumbel(3.0)",0.826876491703156,0,0.580323516138674,9.10915207862854,1.1549220085144
3,2000,0.3,"1->2","Clayton(3.0)",0.776958844456239,0.137891708538974,0.389894222329405,9.10915207862854,1.14737010002136
3,2000,0.3,"7->8","Gumbel(3.0)",0.839887327317179,0.137891708538974,0.601441409880025,9.10915207862854,1.14737010002136
3,2000,0.6,"1->2","Clayton(3.0)",0.779653118119174,0.0932141462397342,0.386109712897556,9.10915207862854,1.13709115982056
3,2000,0.6,"7->8","Gumbel(3.0)",0.837596861284202,0.0932141462397342,0.598516226349363,9.10915207862854,1.13709115982056
3,2000,0.8,"1->2","Clayton(3.0)",0.778376866979772,0.159993618331731,0.388583386137569,9.10915207862854,1.14178013801575
3,2000,0.8,"7->8","Gumbel(3.0)",0.827487981966571,0.159993618331731,0.581429888282478,9.10915207862854,1.14178013801575
3,4000,0,"1->2","Clayton(3.0)",0.730879151397362,0,0.397646711158255,18.3422110080719,4.12817883491516
3,4000,0,"7->8","Gumbel(3.0)",0.828968401568337,0,0.579645958027625,18.3422110080719,4.12817883491516
3,4000,0.3,"1->2","Clayton(3.0)",0.781031271611809,-0.25199699732835,0.475547987679216,18.3422110080719,4.16347408294678
3,4000,0.3,"7->8","Gumbel(3.0)",0.833034973942109,-0.25199699732835,0.586151377477602,18.3422110080719,4.16347408294678
3,4000,0.6,"1->2","Clayton(3.0)",0.782018212804498,-0.31676553015463,0.475492085816931,18.3422110080719,4.19183802604675
3,4000,0.6,"7->8","Gumbel(3.0)",0.826520465019515,-0.31676553015463,0.575161393299005,18.3422110080719,4.19183802604675
3,4000,0.8,"1->2","Clayton(3.0)",0.768634493604724,-0.318381376434517,0.472466830184506,18.3422110080719,4.165452003479
3,4000,0.8,"7->8","Gumbel(3.0)",0.831167021416918,-0.318381376434517,0.58325866498159,18.3422110080719,4.165452003479
3,8000,0,"1->2","Clayton(3.0)",0.773135794875646,0,0.447648992458937,36.844752073288,15.8813309669495
3,8000,0,"7->8","Gumbel(3.0)",0.819872972986155,0,0.550085320206949,36.844752073288,15.8813309669495
3,8000,0.3,"1->2","Clayton(3.0)",0.781939773316645,-0.0379466046451524,0.449373652193045,36.844752073288,15.9515700340271
3,8000,0.3,"7->8","Gumbel(3.0)",0.836254830879313,-0.0379466046451524,0.580534647989586,36.844752073288,15.9515700340271
3,8000,0.6,"1->2","Clayton(3.0)",0.787352667411916,-0.076783405187665,0.4471767065484,36.844752073288,15.9386129379272
3,8000,0.6,"7->8","Gumbel(3.0)",0.804770914661216,-0.076783405187665,0.50971278838607,36.844752073288,15.9386129379272
3,8000,0.8,"1->2","Clayton(3.0)",0.75462777292408,-0.0717509031124126,0.425498553442208,36.844752073288,15.8694491386414
3,8000,0.8,"7->8","Gumbel(3.0)",0.837137589500329,-0.0717509031124126,0.581720203801109,36.844752073288,15.8694491386414
3,16000,0,"1->2","Clayton(3.0)",0.765189867453374,0,0.441679018949219,76.5937438011169,67.9726459980011
3,16000,0,"7->8","Gumbel(3.0)",0.834985124180296,0,0.592392546192846,76.5937438011169,67.9726459980011
3,16000,0.3,"1->2","Clayton(3.0)",0.781142555932461,0.152291246651515,0.440056680478086,76.5937438011169,66.3221969604492
3,16000,0.3,"7->8","Gumbel(3.0)",0.778745505722701,0.152291246651515,0.427925011126746,76.5937438011169,66.3221969604492
3,16000,0.6,"1->2","Clayton(3.0)",0.74952244398706,-0.0922726145413373,0.424350328728534,76.5937438011169,63.1950597763062
3,16000,0.6,"7->8","Gumbel(3.0)",0.837338621567602,-0.0922726145413373,0.595763925003299,76.5937438011169,63.1950597763062
3,16000,0.8,"1->2","Clayton(3.0)",0.783727460643652,0.0517263636694278,0.438277840367329,76.5937438011169,62.1467308998108
3,16000,0.8,"7->8","Gumbel(3.0)",0.801893633842901,0.0517263636694278,0.511570951412986,76.5937438011169,62.1467308998108
4,2000,0,"1->2","Clayton(3.0)",0.782815806537869,0,0.423068796511597,9.19363713264465,1.15636897087097
4,2000,0,"7->8","Gumbel(3.0)",0.84210468317716,0,0.596897308537889,9.19363713264465,1.15636897087097
4,2000,0.3,"1->2","Clayton(3.0)",0.789985961218706,-0.096040251874304,0.420283795306647,9.19363713264465,1.13910722732544
4,2000,0.3,"7->8","Gumbel(3.0)",0.836353308506617,-0.096040251874304,0.58740358717171,9.19363713264465,1.13910722732544
4,2000,0.6,"1->2","Clayton(3.0)",0.79077500471729,0.0550635383274232,0.419835305384607,9.19363713264465,1.14862298965454
4,2000,0.6,"7->8","Gumbel(3.0)",0.839400171737409,0.0550635383274232,0.592756217833437,9.19363713264465,1.14862298965454
4,2000,0.8,"1->2","Clayton(3.0)",0.77087139483481,0.0182103181020565,0.417389673184764,9.19363713264465,1.12881088256836
4,2000,0.8,"7->8","Gumbel(3.0)",0.822755077982074,0.0182103181020565,0.55706767015189,9.19363713264465,1.12881088256836
4,4000,0,"1->2","Clayton(3.0)",0.757190503836939,0,0.458383113305316,18.4621930122375,4.19978189468384
4,4000,0,"7->8","Gumbel(3.0)",0.819262047213864,0,0.552067189336248,18.4621930122375,4.19978189468384
4,4000,0.3,"1->2","Clayton(3.0)",0.770644458102918,0.0400295168576421,0.469563673160594,18.4621930122375,4.14134907722473
4,4000,0.3,"7->8","Gumbel(3.0)",0.834402796307336,0.0400295168576421,0.577320489790139,18.4621930122375,4.14134907722473
4,4000,0.6,"1->2","Clayton(3.0)",0.781721945058652,0.116823270784,0.468441278497347,18.4621930122375,4.17360210418701
4,4000,0.6,"7->8","Gumbel(3.0)",0.836856840849565,0.116823270784,0.580000387293085,18.4621930122375,4.17360210418701
4,4000,0.8,"1->2","Clayton(3.0)",0.755102794246509,0.0270028515706593,0.455339522175188,18.4621930122375,4.17092514038086
4,4000,0.8,"7->8","Gumbel(3.0)",0.832130139672322,0.0270028515706593,0.574453945569985,18.4621930122375,4.17092514038086
4,8000,0,"1->2","Clayton(3.0)",0.774342081007373,0,0.455220561265988,37.0962109565735,16.1154868602753
4,8000,0,"7->8","Gumbel(3.0)",0.836550482383474,0,0.578970862891863,37.0962109565735,16.1154868602753
4,8000,0.3,"1->2","Clayton(3.0)",0.776838164137062,0.114123887759403,0.455212516591418,37.0962109565735,16.2174251079559
4,8000,0.3,"7->8","Gumbel(3.0)",0.831046715036021,0.114123887759403,0.571059380948088,37.0962109565735,16.2174251079559
4,8000,0.6,"1->2","Clayton(3.0)",0.779854349632086,0.087160456569463,0.454571727057792,37.0962109565735,15.9324479103088
4,8000,0.6,"7->8","Gumbel(3.0)",0.84052511242666,0.087160456569463,0.583345353827002,37.0962109565735,15.9324479103088
4,8000,0.8,"1->2","Clayton(3.0)",0.776170640242937,0.0248979179188544,0.455808987016747,37.0962109565735,16.0095629692078
4,8000,0.8,"7->8","Gumbel(3.0)",0.840374954475266,0.0248979179188544,0.583225250804203,37.0962109565735,16.0095629692078
4,16000,0,"1->2","Clayton(3.0)",0.769739337859592,0,0.450615495405897,73.8448691368103,63.1375510692596
4,16000,0,"7->8","Gumbel(3.0)",0.811908090711877,0,0.540994590490267,73.8448691368103,63.1375510692596
4,16000,0.3,"1->2","Clayton(3.0)",0.743223902865438,0.00448912920305355,0.412298293950705,73.8448691368103,62.5233039855957
4,16000,0.3,"7->8","Gumbel(3.0)",0.825683626363979,0.00448912920305355,0.569747664666395,73.8448691368103,62.5233039855957
4,16000,0.6,"1->2","Clayton(3.0)",0.750325801593014,0.159691335890016,0.426737296779748,73.8448691368103,62.3169631958008
4,16000,0.6,"7->8","Gumbel(3.0)",0.837708840199419,0.159691335890016,0.585461853902877,73.8448691368103,62.3169631958008
4,16000,0.8,"1->2","Clayton(3.0)",0.764794117422874,0.0393562658695861,0.447154167937123,73.8448691368103,62.4792399406433
4,16000,0.8,"7->8","Gumbel(3.0)",0.822963446190147,0.0393562658695861,0.564744339989641,73.8448691368103,62.4792399406433
5,2000,0,"1->2","Clayton(3.0)",0.760010597634785,0,0.491051113099253,9.1980311870575,1.16196894645691
5,2000,0,"7->8","Gumbel(3.0)",0.83541690549762,0,0.563293236329765,9.1980311870575,1.16196894645691
5,2000,0.3,"1->2","Clayton(3.0)",0.781677022557353,0.0724327563380363,0.513481300345067,9.1980311870575,1.15752601623535
5,2000,0.3,"7->8","Gumbel(3.0)",0.833186968231013,0.0724327563380363,0.561012866511244,9.1980311870575,1.15752601623535
5,2000,0.6,"1->2","Clayton(3.0)",0.784888434414478,-0.0160534216967108,0.514054197894429,9.1980311870575,1.14165306091309
5,2000,0.6,"7->8","Gumbel(3.0)",0.839374841514194,-0.0160534216967108,0.566504720899721,9.1980311870575,1.14165306091309
5,2000,0.8,"1->2","Clayton(3.0)",0.771164354982025,-0.0254312881506578,0.506595019396577,9.1980311870575,1.1460599899292
5,2000,0.8,"7->8","Gumbel(3.0)",0.831730014530675,-0.0254312881506578,0.559330812683704,9.1980311870575,1.1460599899292
5,4000,0,"1->2","Clayton(3.0)",0.763628402093688,0,0.468231216764569,18.4731340408325,4.22406601905823
5,4000,0,"7->8","Gumbel(3.0)",0.833776528749845,0,0.586405586021125,18.4731340408325,4.22406601905823
5,4000,0.3,"1->2","Clayton(3.0)",0.769994741745282,0.0845648320932368,0.471460112474778,18.4731340408325,4.20598602294922
5,4000,0.3,"7->8","Gumbel(3.0)",0.825419377107169,0.0845648320932368,0.573435601573165,18.4731340408325,4.20598602294922
5,4000,0.6,"1->2","Clayton(3.0)",0.779325239663154,0.0468650148526448,0.470679510263621,18.4731340408325,4.18766498565674
5,4000,0.6,"7->8","Gumbel(3.0)",0.833047024643738,0.0468650148526448,0.585489306573896,18.4731340408325,4.18766498565674
5,4000,0.8,"1->2","Clayton(3.0)",0.775880421003988,0.0354153690164236,0.472108592938444,18.4731340408325,4.20762515068054
5,4000,0.8,"7->8","Gumbel(3.0)",0.822585621911501,0.0354153690164236,0.567883943753356,18.4731340408325,4.20762515068054
5,8000,0,"1->2","Clayton(3.0)",0.767645093885106,0,0.458138725179852,36.9104270935059,16.0971879959106
5,8000,0,"7->8","Gumbel(3.0)",0.830269739417819,0,0.570093224240489,36.9104270935059,16.0971879959106
5,8000,0.3,"1->2","Clayton(3.0)",0.778993629504516,0.0937780251930125,0.459172026632194,36.9104270935059,16.170177936554
5,8000,0.3,"7->8","Gumbel(3.0)",0.813510834722246,0.0937780251930125,0.531009465643122,36.9104270935059,16.170177936554
5,8000,0.6,"1->2","Clayton(3.0)",0.779143958608096,0.104657061854989,0.459382236374544,36.9104270935059,15.9814941883087
5,8000,0.6,"7->8","Gumbel(3.0)",0.83524268375682,0.104657061854989,0.578641116772222,36.9104270935059,15.9814941883087
5,8000,0.8,"1->2","Clayton(3.0)",0.775949080530573,0.0398180662647913,0.460415329857126,36.9104270935059,15.9586448669434
5,8000,0.8,"7->8","Gumbel(3.0)",0.832326485609452,0.0398180662647913,0.573748201343722,36.9104270935059,15.9586448669434
5,16000,0,"1->2","Clayton(3.0)",0.777872959241471,0,0.448012836781518,73.8358461856842,62.3755600452423
5,16000,0,"7->8","Gumbel(3.0)",0.82889565841109,0,0.581583490229617,73.8358461856842,62.3755600452423
5,16000,0.3,"1->2","Clayton(3.0)",0.773281667613542,-0.0699003310763353,0.447676851548999,73.8358461856842,62.3207120895386
5,16000,0.3,"7->8","Gumbel(3.0)",0.828558388261232,-0.0699003310763353,0.581011481238633,73.8358461856842,62.3207120895386
5,16000,0.6,"1->2","Clayton(3.0)",0.78415294547004,0.0656673636988643,0.446141151643538,73.8358461856842,65.7897100448608
5,16000,0.6,"7->8","Gumbel(3.0)",0.824169107615616,0.0656673636988643,0.573156190441137,73.8358461856842,65.7897100448608
5,16000,0.8,"1->2","Clayton(3.0)",0.770466674023505,-0.0846490835056306,0.446775407105229,73.8358461856842,67.7078809738159
5,16000,0.8,"7->8","Gumbel(3.0)",0.835380373852808,-0.0846490835056306,0.590774631884523,73.8358461856842,67.7078809738159
6,2000,0,"1->2","Clayton(3.0)",0.785799885927627,0,0.384034578914493,9.87683796882629,1.1793839931488
6,2000,0,"7->8","Gumbel(3.0)",0.82634338193523,0,0.555084507245498,9.87683796882629,1.1793839931488
6,2000,0.3,"1->2","Clayton(3.0)",0.783572033998365,0.158530948202981,0.387569916845179,9.87683796882629,1.18581795692444
6,2000,0.3,"7->8","Gumbel(3.0)",0.836311861297293,0.158530948202981,0.567036626015116,9.87683796882629,1.18581795692444
6,2000,0.6,"1->2","Clayton(3.0)",0.78479621041038,0.135491970381364,0.386123856120515,9.87683796882629,1.21177291870117
6,2000,0.6,"7->8","Gumbel(3.0)",0.837158283926715,0.135491970381364,0.567742716011645,9.87683796882629,1.21177291870117
6,2000,0.8,"1->2","Clayton(3.0)",0.781647268365011,0.161966826905024,0.390483127551313,9.87683796882629,1.23817205429077
6,2000,0.8,"7->8","Gumbel(3.0)",0.806603442706786,0.161966826905024,0.5131609558266,9.87683796882629,1.23817205429077
6,4000,0,"1->2","Clayton(3.0)",0.775770293304774,0,0.436950397222128,20.5043668746948,4.41212487220764
6,4000,0,"7->8","Gumbel(3.0)",0.813771267788802,0,0.542467270368956,20.5043668746948,4.41212487220764
6,4000,0.3,"1->2","Clayton(3.0)",0.773402517987176,0.0220870973976828,0.438789794950059,20.5043668746948,4.3104350566864
6,4000,0.3,"7->8","Gumbel(3.0)",0.834507280853826,0.0220870973976828,0.583240064940597,20.5043668746948,4.3104350566864
6,4000,0.6,"1->2","Clayton(3.0)",0.774750964612538,0.164447087562252,0.438318505441127,20.5043668746948,4.27256512641907
6,4000,0.6,"7->8","Gumbel(3.0)",0.841226126989396,0.164447087562252,0.590434485888974,20.5043668746948,4.27256512641907
6,4000,0.8,"1->2","Clayton(3.0)",0.778368000980552,-0.000208960753372622,0.43564250361424,20.5043668746948,4.26725006103516
6,4000,0.8,"7->8","Gumbel(3.0)",0.833818253134298,-0.000208960753372622,0.582330564277142,20.5043668746948,4.26725006103516
6,8000,0,"1->2","Clayton(3.0)",0.768901487514522,0,0.409504972918245,37.5967350006104,16.2619822025299
6,8000,0,"7->8","Gumbel(3.0)",0.832808616937388,0,0.566270501875303,37.5967350006104,16.2619822025299
6,8000,0.3,"1->2","Clayton(3.0)",0.776951557803412,0.0214766112848426,0.405574969196266,37.5967350006104,16.108295917511
6,8000,0.3,"7->8","Gumbel(3.0)",0.824367309962635,0.0214766112848426,0.554594905337833,37.5967350006104,16.108295917511
6,8000,0.6,"1->2","Clayton(3.0)",0.770650098332677,0.140306068487805,0.40949785716974,37.5967350006104,16.143609046936
6,8000,0.6,"7->8","Gumbel(3.0)",0.803095558388416,0.140306068487805,0.505767058890815,37.5967350006104,16.143609046936
6,8000,0.8,"1->2","Clayton(3.0)",0.775539122905459,0.115215690420333,0.407279316689587,37.5967350006104,16.1663961410522
6,8000,0.8,"7->8","Gumbel(3.0)",0.80818209635127,0.115215690420333,0.519412325592644,37.5967350006104,16.1663961410522
6,16000,0,"1->2","Clayton(3.0)",0.754465983371305,0,0.427380190245728,75.1993658542633,62.7817261219025
6,16000,0,"7->8","Gumbel(3.0)",0.831404938857527,0,0.569491717794047,75.1993658542633,62.7817261219025
6,16000,0.3,"1->2","Clayton(3.0)",0.777421839160474,0.146207607066712,0.438135197023879,75.1993658542633,62.6613490581512
6,16000,0.3,"7->8","Gumbel(3.0)",0.83342736879746,0.146207607066712,0.572364213499702,75.1993658542633,62.6613490581512
6,16000,0.6,"1->2","Clayton(3.0)",0.78188162339396,0.135560397307204,0.435498895156726,75.1993658542633,62.7472989559174
6,16000,0.6,"7->8","Gumbel(3.0)",0.81606870880089,0.135560397307204,0.539525705054977,75.1993658542633,62.7472989559174
6,16000,0.8,"1->2","Clayton(3.0)",0.768266597390525,0.0948394557009595,0.439049567282833,75.1993658542633,61.8287038803101
6,16000,0.8,"7->8","Gumbel(3.0)",0.837855844659515,0.0948394557009595,0.577726538426843,75.1993658542633,61.8287038803101
